Temperature (?øC),Pressure (bar),Vibration (mm/s),Flow Rate (L/min),Humidity (%),Voltage (V),Condition
37.71,2.7,37.18,15.34,42.54,244.3,0
34.1,5.82,33.35,69.13,35.28,243.75,0
67.11,5.22,42.9,26.38,66.13,242.84,0
26.39,5.6,28.78,84.94,76.96,241.28,0
23.34,2.51,38.11,34.2,66.49,237.07,1
68.13,5.26,35.75,35.06,79.55,221.17,0
52.82,9.26,5.09,53.87,65.32,240.51,1
63.71,1.38,43.72,45.25,36.3,237.9,1
43.87,8.05,9.25,63.8,78.78,222.19,1
28.36,6.87,13.61,27.72,67.53,244.41,0
37.82,5.24,38.54,51.4,84.07,238.29,1
58.34,1.98,47.11,87.35,52.22,225.39,1
38.31,2.22,5.51,93.23,66.46,248.64,1
27.21,1.06,28.71,53.04,77.54,247.03,1
64.26,3.31,47.65,31.94,30.71,241.61,0
73.47,5.86,39.49,75.26,88.27,222.45,0
77.33,1.68,26.66,61.18,70.19,220.49,1
48.03,9.3,30.08,62.94,75.5,230.78,0
59.32,5.24,20.28,70.12,54.57,238.59,1
74.49,2.46,46.97,93.6,52.66,240.47,1
42.13,5.27,1.55,70.26,86.82,238.03,1
27.75,6.92,26.65,34.9,53.55,242.03,1
25.49,5,19.24,79.07,60.89,245.41,0
38.57,5.39,26.72,71.92,69.58,220.59,0
72.08,1.63,23.45,73.97,78.36,248.04,1
30.34,6.17,28.43,63.08,85.79,247.07,1
40.51,8,28.97,79.37,63.53,249.07,0
21.26,6.2,34.33,61.69,79.29,227.02,0
58.07,3.63,31.23,13.56,61.93,236.34,1
48.45,6.7,41.98,0.71,53.78,223.24,0
25.18,9.42,35.08,20.37,68.47,248.2,0
79.94,2,46.7,92.31,32.72,237.99,0
66.32,3.61,35.42,84.76,79.67,235.79,0
44.33,5.41,7.2,91.51,51.23,239.76,0
61.31,4.02,47.37,22.23,71.09,247.65,0
69,4.21,43.27,19.73,51.6,221.94,1
58.21,6.19,35.71,53.74,41.62,240.97,0
77.38,6.53,26.64,11.29,67.79,227.93,0
33.01,9.61,38.72,79.17,30.25,221.28,0
63.11,2.09,32,52.48,74.95,245.69,1
68.45,1.17,20.99,97.41,80.05,220.72,1
32.84,9.47,38.07,34.54,80.46,246.5,1
44.63,3.02,38.48,95.17,82.94,246.68,0
39.34,9.98,8.92,35.86,44.01,246.55,1
69.46,8.96,15.17,98.69,45.75,244.13,0
52.82,8.92,48.19,56.33,60.91,243.61,0
76.88,5.59,17.98,31.1,51.01,235.44,0
57.59,6.26,33.34,3.87,76.87,221.59,0
51.64,6.45,26.04,24.21,73.55,224.35,0
59.33,3,21.99,88.08,52.65,238,0
68.03,2.94,20.8,23.12,46.29,221.79,1
36.98,9.78,15.12,12.26,55.67,236.01,0
29.6,3.4,38.98,37.49,63.72,242.12,0
42.1,9.98,31.42,74.7,82.95,221.09,0
34.86,7.11,35.83,7.87,78.38,249.75,1
51.78,3.36,32.76,55.65,36.47,246.26,0
47.21,2.36,30.31,42.54,74.51,240.1,0
31.44,5.45,49.82,96.87,74.22,225.78,0
25.77,3.64,12.78,93.65,40.6,237.64,1
25.99,9.18,8.92,25.86,56.1,226.46,0
27.69,9.8,6.36,98.09,55.31,247.03,0
32.51,1.43,49.81,18.01,85.39,228.73,1
38.98,9.7,5.99,75.35,34.94,243.83,1
76.28,4.29,48.27,3.49,73.11,241.58,1
75.09,5.88,39.96,26.33,79.77,238.41,0
36.02,9.47,18.3,61.07,70.36,249.21,0
28.85,7,37.29,21.96,76.44,234.78,0
68.42,4.88,12.94,13.3,43.01,233.94,0
67.13,4.65,4.66,30.65,74.33,239.61,1
58.18,3.5,43.17,37.73,85.95,220.85,1
69.43,5.5,15.94,13.3,59.15,243.01,0
60.46,3,1.87,9.1,64.81,237.96,1
38.11,6.2,26.83,19.41,64.22,244.69,0
55.28,3.25,33.49,1.91,61.36,249.66,1
60.88,1.18,1.98,89.52,42.53,238.08,0
43.46,8.8,10.89,24.02,84.51,224.02,1
28.38,1.9,45.42,27.41,35.15,223.28,1
54.64,4.03,40.42,91.5,63.89,247.26,0
63.17,4.91,6.08,64.81,59.6,226.68,1
20.12,3.12,16,88.08,71.96,241.37,0
22.21,4.77,41.91,79.55,48.36,220.29,1
74.56,3.72,4.88,67.9,75.19,248.1,0
63.97,2.01,16.79,56.04,67.04,235.37,1
65.79,3.65,44.71,54.27,40.86,246.87,0
50.62,3.2,7.04,44.46,45.41,242.27,0
44.24,3.09,45.42,80.09,68.24,242.13,0
77.18,7.52,4.87,23.04,87.79,236.75,0
52.1,4.56,22.48,27.68,43.16,235.87,1
61.45,9.67,38.91,16.78,48.13,233.18,1
72.47,4.24,11.48,77.43,42.21,234.51,1
74.91,8.38,34.39,12.97,31.61,243.61,0
48.98,2.07,6.18,29.1,58.31,221.89,0
38.89,7.07,18.2,36.44,47.6,246.49,1
74.18,5.77,19.73,92.78,64.37,239.05,1
20.95,5.91,20.76,82.45,69.7,246.41,1
48.72,4.53,18.07,70.08,80.99,232.85,0
51.56,9.63,32.95,57.62,57.88,231.68,1
21.32,5.57,31.43,60.45,57.57,225.76,1
51.72,8.84,39.03,66.22,49.91,243.02,1
24.4,8.11,28.26,74.86,89.23,223.84,1
55.57,1.57,27.44,45.48,31.2,247.7,0
65.06,9.24,21.84,67.26,66.72,228.58,1
63.37,9.49,41.64,93.53,80.11,240.62,1
47.84,2.86,17.43,58.58,80.21,245.08,0
52.87,1.24,43.06,63,36.85,233.11,0
67.51,6.95,11.97,60.12,35.94,223.4,0
29.54,5.93,43.94,44.02,40.2,245.8,0
40.49,7.65,5.44,72.95,44.26,242.51,0
25.11,2.93,24.64,92.39,52.3,247.43,0
76.84,9.65,26.96,70.04,42.77,235.06,0
66.96,1.17,30.05,39.23,62,243.38,1
79,5.96,49.2,68.5,42.09,244.33,1
37.9,3.05,32.89,32.76,39.41,232.76,1
36.03,2.03,41.6,91.34,30.76,221.05,0
42.09,1.71,41.33,90.94,51.79,240.94,1
28.74,1.36,2.15,65.42,40.01,225.29,0
77.58,7.32,45.52,14.58,78.39,227.84,1
79.25,9.87,41.18,7.11,58.99,243.07,0
50.66,8.84,37.01,49.49,69.35,246.3,1
68.4,6.71,39.43,48.42,68.34,224.39,1
53.12,3.56,39.47,88.17,81.88,242.12,1
70.97,1.44,17.15,69.62,30.46,240.91,1
65.85,5.02,2.53,63.36,31.22,228.48,1
55.71,8.66,34.19,86.26,39.24,245.96,0
63.49,5.34,13.62,5.24,76.64,239.58,1
50.42,1.51,32.51,4.05,75.33,237.22,0
23.12,2.21,18.19,77.45,87.94,227.03,0
66.92,6.95,4.88,86.36,63.4,249.99,0
72.62,5.63,24.08,26.49,32.83,225.62,0
40.92,6.84,4.93,44,88.86,235.04,1
55.48,3.22,1,71.56,62.07,222.54,1
67.53,3.95,46.93,67.81,51.22,239.04,1
65.16,8.75,44.36,66.23,30.54,237.59,0
63.01,6.65,22.94,38.01,83.12,237.28,1
64.79,2.93,41.41,16.44,36.66,232.28,0
22.88,8.47,40.05,5.7,64.95,244.85,1
27.28,8,9.32,43.31,75.07,229.17,1
29.77,6.76,10.61,84.68,68.53,229.9,1
72.8,2.15,27.32,51.8,72.56,221.81,1
71.07,2.36,32.08,35.15,52.09,231.27,1
45.38,9.16,3.38,98.29,42.39,242.86,1
77.99,2.46,20.9,61.36,62.44,233.48,0
53.39,5.2,20.72,85.96,52.52,245.79,1
78.92,3.54,48.71,85.06,46.92,225.07,0
35.44,5.93,25.66,80.74,30.39,230.29,0
67.27,4.26,5.21,95.13,51.37,226.25,1
46.87,2.82,40.41,77.76,34.1,233.63,0
23.96,8.07,28.46,54.79,37.51,233.51,1
28.5,9.88,38.79,22.12,30.86,234.42,1
69.67,1.52,4.19,63.49,50.49,236.02,0
59.51,9.28,0.9,73.73,80.5,232.42,1
23.4,3.67,35.53,99.62,87.12,221.22,1
42.14,4.45,1.08,93.78,46.86,237.47,1
26.08,1.21,35.69,75.68,33.15,223.01,1
37.6,7.88,48.59,90.54,60.48,240.05,0
39.62,1.24,44.65,51.54,58.27,239.13,1
67.66,4.46,42.87,91.62,74.32,242.3,0
77.29,6.53,42.29,54.67,59.04,245.03,0
62.88,2.75,0.19,32.01,61.01,233.63,0
34.19,8.29,46.57,20.73,82.62,236.84,0
35,1.28,26.84,96.66,50.49,238.88,0
60.2,7.39,38.99,7.08,53.86,244.71,1
22.17,9.36,11.05,2.61,51.28,222.65,1
61.15,7.99,29.53,20.53,64.67,220.21,0
73.24,1.36,3.46,7.18,35.62,243.83,1
37.8,2.56,40.07,29.23,51.18,224.33,0
26.21,1.18,38.82,0.69,54.26,228.42,1
48.52,3.57,1.43,94.42,61.76,223.84,0
53.27,2.85,26.45,83.46,85.77,221.19,0
74.13,8.81,46.55,5.85,72.5,247.17,0
76.83,5.02,18.52,10.94,38.68,238.52,0
52.19,6.77,28.35,90.25,55.25,249.82,1
38.84,8.88,12.13,56.77,60.37,236.96,0
45.04,7.93,0.26,80.72,70.42,228.16,1
48.86,8.38,15.12,60.4,43.62,237.59,0
27.15,9.01,47.3,71.27,79.32,248.55,0
60.81,7.79,46.09,75.38,75.5,231.98,0
34.11,2.61,26.43,23.75,62.8,246.01,1
61.14,7.05,29.52,45.91,84.27,244.7,0
46.07,9.98,8.39,87.61,70.69,249.63,1
78.26,6.66,4.62,39.02,85.14,228.34,0
39.72,3.29,25.35,3.38,38.96,222.23,0
31.96,6.55,3.7,74.93,32.64,226.77,0
53.03,1.15,18.63,26.41,71.31,227.76,0
56.43,6.52,8.1,23.7,73.52,247.99,1
56.48,5.55,18.01,20.77,53.75,246.13,1
20.03,6.68,9.04,70.89,32.88,248.4,0
22.96,8.31,46.28,14.58,89.48,238.6,0
36.72,4.12,30.84,78.68,41.15,230.08,0
57.69,1.6,6.43,37.12,32.14,246.98,0
21.6,2.66,31.12,43.28,53.5,240.8,0
42.46,5.97,0.77,94.23,87.63,223.1,0
51.09,4.8,4.64,45.9,36.68,220.29,0
34.62,7.96,27,19.2,30.88,245.48,1
39.75,6.12,4.53,48.61,54.72,247.52,1
53.72,6.54,34.08,20.41,69.56,237.03,1
21.37,6.32,16.82,8.13,47.1,233.49,1
41.01,2.7,32.11,48.71,30.29,240.23,1
67.79,4.75,5.48,51.97,40.19,240.64,1
46.99,6.63,31.78,37.97,76.92,232.74,1
48.89,4.47,21.04,84.42,79.35,226.71,1
30.92,9.17,27.93,46.92,70.72,231.07,1
76.41,3.07,35.35,35.33,65.03,243.19,0
38.36,5.17,25.26,48.64,49.35,234.54,0
53.77,6.42,12.23,7.73,43.96,244.08,1
78.26,1.77,49.08,20.11,56.64,229.12,1
60.42,7.98,23.76,80.84,33.98,233.57,0
25.52,3.15,34.31,73.46,55.77,242.26,1
38.87,8.28,26.62,1.47,43.84,233.45,0
51.37,5.52,0.49,25.33,72.51,235.29,1
32.03,6.39,36.39,65.19,30.27,229.07,1
79.34,8.06,48.3,49.44,51.47,244.94,1
76.73,7.26,18.29,98.66,43.48,246.23,0
45.33,5.91,37.75,72.11,57.22,235.47,1
71.62,7.24,4.24,34.26,71.01,228.69,0
41.53,9.76,33,58.93,44.93,248.06,1
56.07,6.4,49.23,30.68,34.31,239.2,0
69.21,1.82,33.71,38.46,79.79,234.86,0
67.5,2.39,34.27,82.49,65.91,225.91,1
50.4,5.15,28.66,36.6,46.75,222.62,0
30.79,8.82,35.24,10.67,86.86,247.25,1
39.38,1.95,12.31,44.4,46.43,242.65,0
64.24,1.65,37.52,10.53,63.85,236.54,0
27.77,3.38,34.14,5.56,73.94,223.17,1
74.34,6.26,26.5,9.93,52.39,241.15,0
53.8,6.44,29.82,62.87,65.78,242.31,1
23.82,8.69,33.13,12.4,38.83,244.18,0
54.47,6.03,23.86,62.36,61.07,238.34,0
46.09,9.63,49.49,18.73,39.83,236,0
48.26,4.74,15.94,5.97,44.27,246.69,1
46.94,2.17,26.17,50.09,68.51,249.12,1
74.01,1.06,44.99,65.6,82.66,223.12,1
76.32,4.24,31.15,40.61,85.81,226.39,0
27.59,9.49,38.56,12.75,74.45,247.21,1
76.33,8.29,17.02,84.02,53.15,245.33,1
40.39,5.73,23.5,56.5,81.95,246.57,0
77.53,6.35,35.07,44.87,70.27,242.51,1
31.09,5.76,22.13,9.37,41.84,230.74,0
76.52,2.95,26.11,94.64,78.56,242.2,0
45.3,1.63,21.87,41.42,86.3,227.21,0
38.69,5.45,14.93,39.7,37.8,222.87,1
46.49,6.18,47.94,93.53,72.1,220.44,1
46.18,2.18,8.31,19.94,82.19,238.25,0
39.63,8.36,10.19,23.51,53.28,228.92,0
24.56,7.9,7,26.23,70.74,244.04,1
72.25,4.9,4.95,56.22,45.38,226.45,1
65.81,6.53,11.94,62.14,89.09,233.12,1
57.71,9.23,34.77,92.07,46.06,225.73,1
24.82,3.43,19.54,42.77,41.88,246.39,1
51.44,1.76,38.7,49.03,88.42,227.95,1
21.86,2.75,26.8,80.86,84.62,241.87,0
33.2,2.83,40.37,71.14,70.56,238.41,0
49.26,6.36,22.25,1.13,83.68,220.47,1
35.85,7.59,15.8,35.65,64.1,246.71,0
35.71,8.82,36.24,39.34,65.26,228.49,1
56.24,3.11,2.91,59.72,80.91,245.59,1
78.27,5.65,9.16,79.88,52.4,242.94,1
62.11,1.53,2.82,84.86,30.5,227.2,0
34.77,5.82,4.1,20.13,35.51,223.44,1
46.16,1.85,19.58,23.5,49.52,228.18,1
28.28,2.06,41.82,11.23,57.49,246.98,0
59.54,1.74,47.52,46.44,66.33,236.3,0
37.86,8.23,8.86,82.82,55.68,245.73,1
38.46,2.38,11.22,67.32,56.86,224.83,0
46.87,7.74,15.83,51.43,67.03,230.32,1
66.95,4.69,11.59,19.62,88.92,245.76,1
54.45,4.65,38.94,91.3,61.78,233.63,0
25.49,5.18,10.37,64.62,83.05,225.67,1
33.77,1.48,37.48,87.84,33.54,242.49,0
66.78,8.33,1.48,82.84,74.66,243.17,1
35.69,3.45,37.28,47.35,52.13,227.4,0
57.9,3.48,5.78,48.97,40.41,244.23,1
71.83,6.7,5.34,10.92,52.41,240.01,0
76.86,6.08,48.5,14.75,50.52,222.82,1
41.72,9.63,36.2,62.87,77.79,228.14,0
26.02,1.06,35.98,87.08,36.12,237.8,0
48.38,7.81,10.32,17.29,72.81,236.6,0
69.98,3.74,12.6,44.1,80.31,236.58,1
36.69,2.13,24.46,89.5,73.65,232.58,0
42.97,3.11,13.29,11.79,37.13,226.69,1
45.08,1.23,44.52,31.54,72.03,248.89,1
25.32,4.42,21.9,95.29,60.54,234.74,0
38.01,7.35,43.61,76.2,58.84,224.16,1
75.96,5.9,31.02,72.73,55.35,237.32,1
72.8,7.79,20.2,50.18,78.33,237.87,1
33.08,1.79,14.53,74.25,89.44,229.97,0
42.93,4.25,7.02,98.38,43.06,226.53,0
25.89,1.01,13.92,79.92,51.45,225.45,1
37.56,3.18,15.99,20.01,48.64,240.55,1
51.99,6.5,11.54,0.25,48.08,240.78,1
41.75,1.45,40.43,45.28,37.72,226.88,0
38.8,9.67,37.74,98.26,40.73,227.46,1
78.75,1.46,11.95,23.59,58.76,242.28,0
26.02,6.2,45.89,11.48,46.63,222.67,0
39.67,2.45,36.12,79.02,82.22,246.91,0
77.58,4.6,39.38,68.54,62.21,247.41,0
66.96,5.69,37.74,40.23,69.29,244.55,0
35.75,6.26,33.78,14.71,49.52,232.32,1
31.33,1.67,16,25.4,46.85,220.78,0
40.65,2.1,16.66,21.62,39.55,246.72,1
65.3,9.29,25.67,52.25,44.46,235.57,1
23.41,6.14,1.92,43.72,76.16,239.96,0
66.86,8.76,10.9,30.7,61.47,224.48,1
77.08,8.97,33.46,10.67,59.92,248.07,0
38.1,5.32,13.59,62.26,78.95,230.78,0
57.92,9.72,10.73,81.28,75.73,238.31,1
77.68,7.28,37.98,45.19,57.15,234.7,0
60.47,3,7.7,17.71,55.12,220.39,0
62.34,2.95,11.44,33.22,58.3,233.96,1
59.44,8.26,0.21,40.92,75.15,233.1,0
69.35,7.51,45.22,6.17,36.91,240.55,1
41.97,9.78,9.98,61.16,57.71,240.77,1
26.27,3.25,41.11,7.61,61.06,247.11,0
24.62,2.67,14.28,1.36,46.87,221.75,1
63.83,5.5,34.64,0.24,72.62,247.07,1
76.69,1.85,17.27,40,87.64,246.95,1
73.92,9.1,44.71,98.09,44.3,242.59,1
24.12,9.95,44.08,66.11,62.19,247.84,0
49.55,4.41,1.52,79.05,54.06,233.61,0
24.4,2.75,43.16,98.83,48.24,233.55,0
60.79,7.4,37.65,73.89,73.51,236.69,1
66.93,1.53,9.02,45.62,61.27,246.48,0
34.31,4.11,28.46,36.15,72.8,242.26,1
59.71,4.58,42.03,1.74,83.63,248.66,1
72.46,5.09,32.87,64.01,88.82,248.4,1
20.84,4.57,48.47,44.45,52.54,237.54,0
43.75,3.82,18.86,94.09,30.37,231.84,1
79.38,7.53,18.81,83.02,37.51,236.99,1
60.46,4.72,13.9,15.75,45.79,225.65,0
68.8,1.07,11.55,35.83,31.51,245.21,0
23.03,1.62,1.89,74.01,86.85,245.71,0
23.88,6.38,4.32,49.28,71.31,249.04,0
57.83,2.03,46.38,89.07,62.12,233.32,0
47.86,2.36,37.62,93.87,48.34,224.82,1
73.15,9.07,44.63,31.14,54.61,247.8,1
40.27,9.57,36.59,53.42,84.29,239.2,0
29.44,9.1,6.52,87.24,61.67,240.23,1
44.36,9.71,31.55,37.02,78.1,249.16,1
46.39,3.43,49.59,95.43,64.7,227.12,0
35.75,1.47,27.64,80.51,83.18,249.28,0
25.44,8.06,9.53,43.57,71.08,240.58,1
61.58,9.18,46.47,8.31,73.74,238.19,0
58.9,9.48,17.95,93.79,31.69,249.03,1
59.7,7.38,44.49,79.95,73.99,221.42,0
58.93,6.32,42.37,87.19,55.23,249.68,0
23.75,8.59,45.04,83.4,80.79,237.33,1
67.7,7.44,30.86,40.45,60.99,231.67,1
57.35,4.31,9.61,87.62,50.77,225.75,1
56.4,9.84,20.99,58.71,70.35,248.9,1
34.24,9.17,42.18,58.47,81.95,227.47,1
46.89,1.07,41.5,87.71,82.58,239.77,0
30.09,5.66,49.86,67.35,41.04,228.67,0
66.42,5.02,15.02,92.26,85.17,249.55,0
31.55,3.43,49.04,15.94,69.14,247,0
61.95,6.46,30.19,92.64,64.03,231.25,0
31.96,6.3,26.34,96.25,35.46,235.28,1
23.68,4.86,46.36,93.89,59.55,228.98,1
78.46,3.35,31.78,17.53,83.97,222.61,1
66.67,4.29,22.33,41.54,56,229.48,0
68.57,5.93,17.31,58.45,35.58,235.21,0
62.86,9.76,48.86,10.26,74.44,223.13,1
44.85,6.97,34.63,41.99,47.05,230.43,0
28.04,5.08,12.35,37.98,72.42,224.9,0
69.78,8.34,0.7,16.03,85.35,247.27,1
49.13,7.64,16.17,38.74,56.19,229.87,0
67.02,2.92,19.24,0.11,41.62,237,0
20.95,5.01,17.05,29.66,87.51,228.57,1
56.81,6.75,47.72,56.18,67.78,222.13,1
78.3,3.44,15.09,89.72,30.9,225.39,0
23.96,1.98,48.02,86.47,65.09,245.89,0
73.16,7.46,22.3,13.38,34.36,247.53,0
40.99,9.65,45.63,62.77,65.04,241.43,0
73.5,3.73,24.55,98.06,84.29,243.39,1
64.95,4.8,8.56,11.22,79.77,248.57,0
58.26,5.16,42.48,88.88,43.23,249.11,1
65.25,8.71,0.87,56.3,35.6,227.1,0
73.26,2.54,47.35,86.29,60,235.59,0
49.94,5.26,5.26,35.5,51.64,240.6,1
52.43,2.62,16.6,14.25,33.5,249.56,0
35.65,6.23,28.55,7.17,43.29,227.21,0
21.19,3.84,36.3,0.27,52.82,223.34,1
61.04,2.63,8.87,82.14,89.51,233.7,1
22.91,7.46,16.81,48.58,36.02,247.5,0
65.81,5.96,29.23,67.91,56.28,223.34,1
20.74,7.06,3,75.26,30.9,238.87,0
20.43,1.9,13.27,4.93,81.96,243.33,0
66.29,4.69,10.99,93.12,55.49,224.38,0
79.85,1.19,43.46,33.91,52.34,239.94,1
44.42,3.62,1.95,26.34,84.3,249.96,0
32.31,6.38,16.21,40.54,58.11,242.96,0
64.38,7.82,43.16,80.65,88.98,227.61,0
21.77,5.05,29.51,40.07,61.84,244.07,1
57,1.71,16.72,69.32,46.45,237.56,0
23.07,9.05,28.78,15.59,89.09,243.4,1
59.77,8.22,11.39,39.53,81.83,224.41,1
58.66,4.07,46.43,23.8,34.27,229.12,1
73.02,7.07,12.26,59.08,76.15,237.36,1
43.18,3.77,6.36,15.13,61.13,243.71,0
74.58,8.7,2.61,37.42,68.4,248.63,0
76.88,3.55,37.82,65.91,70.56,241.23,0
78.1,7.36,18,62.26,51.9,239.71,0
60.47,5.52,38.65,58.23,32.26,227.63,0
74.52,5.61,20.98,48.93,34.66,224.17,1
74.24,3.17,44.46,46.25,54.01,235.77,0
24.93,9.72,4.39,23.78,66.15,222.19,0
60.69,4.22,40.6,57.91,72.7,246.89,1
55.43,2.4,42.14,42.81,82.54,248.6,1
44.09,4.32,25.14,9.38,57.75,233.51,0
29.68,6.72,15.49,5.76,63.05,228.39,0
46.11,9.22,11.99,24.51,43.45,226.23,1
76.95,9.95,3.05,3.3,42.34,236.29,1
58.31,5.22,14.58,71.67,69.84,245.9,0
45.61,2.24,35.03,81.08,84.68,245.82,1
40.23,6.78,25.27,61.72,80.6,244.09,0
53.76,9.51,10.28,65.27,62.49,229.19,1
37.09,3.85,16.41,81.04,66.07,240.58,0
54.95,5.92,2.95,38.07,50.91,221.71,0
49.17,2.37,11.97,21.13,75.4,226.9,1
31.28,6.03,16.5,6.04,47.8,234.96,0
61.17,2.04,11.27,56.88,73.56,243.88,1
51.4,7.07,6.18,93.61,53.99,236.41,1
46.42,7.11,39.65,56.12,78.78,223.61,0
63.29,3.18,13.43,58.82,81.08,228.7,0
60.31,5.54,23.92,34.19,45.97,226.96,1
20.14,5.2,45.13,79.69,40.88,231.05,0
79.82,1.18,15.26,85.19,49.43,231.16,0
57.47,2.67,8.83,96.34,34.94,221.97,1
44.11,1.5,21.95,45.18,86.3,229.33,0
55.22,2.76,27,42.95,87.17,248.35,0
54.09,7.68,29.1,80.81,40.4,238.42,1
36.69,6.13,7.78,65.69,65.65,239.95,0
56.81,1.25,16.45,46.3,46.57,247.82,1
78.31,8.03,5.57,97.36,43.59,247.36,1
73.34,4.75,24.31,14.63,42.34,230.72,0
69.37,7.42,31.66,92.21,61.79,237.15,1
32.78,2.61,34.48,8.36,74.32,227.92,1
71.95,6.11,13.92,5.54,46.73,223.72,1
54.51,2.74,46.22,5.52,42.68,233.93,0
46.82,8.46,44.24,53.01,49.95,246.4,1
29.19,6.96,29.06,24,88.31,224.8,1
37.61,8.35,19.15,52.47,36.88,224.91,1
37.3,6.79,35.96,68.9,66.6,242.39,1
53.92,8.68,19.43,49.44,31.15,221.19,0
21.26,5.28,36.85,93.61,88.07,227.49,0
22.1,1.17,30.48,79.66,64.73,227.41,1
68.9,8.1,11.22,65.32,32.67,223.76,1
69.41,7.83,0.96,35.13,45.51,244.93,1
63.15,5.12,48.86,91.11,69.73,249.87,1
24.36,6.3,41.12,68.73,55.17,223.89,0
55.9,2.48,34.73,9.14,58.4,249.46,0
37.46,1.28,30.04,61.92,67.29,243.71,1
21.19,1.51,30.87,65.28,36.36,237.38,1
73.48,6.6,26.47,12.66,85.13,245.76,1
22.63,6.32,5.14,85.72,76.94,221.33,1
37.2,9.36,49.08,48.27,72.23,240.43,0
20.68,9.84,46.78,26.27,62,226.97,1
33.3,9.65,35.37,18.93,76.43,225.44,1
64.6,7.96,29.73,82.56,59.35,249.12,0
61.69,7.62,27.72,60.65,50.42,225.87,1
74.42,2.61,7.07,69.08,61.54,225.07,1
22.09,8.16,39.91,79.26,44.12,232.66,0
39.47,9.72,1.11,63.16,64.49,233.69,0
77.7,6.77,37.71,37.71,83.4,246.03,1
53.3,8.05,24.11,47.62,47.25,246.51,0
32.08,1.02,12.06,17.21,44.28,240.22,0
42.13,9.3,17.83,51.93,38.24,225.59,0
40.13,5.14,22.28,84.01,86.89,229.1,1
76.04,3.14,3.49,38.28,34.92,236.16,0
47.36,7.5,27.77,45.68,51.63,224.5,1
36.56,4.52,47.15,85.75,33.01,240.74,0
30.05,1.09,24.95,47.07,86.98,240.81,1
77.68,4.59,17.27,32.3,31.58,232.76,1
70.5,1.04,42.49,6.37,72.98,221.49,1
43.54,4.78,16.18,32.74,51.83,237.63,0
27.56,7.27,37.59,69.77,82.83,229.12,1
40.86,6.7,33.86,64.73,68.18,246.75,0
37.09,6.32,34.5,94.89,35.36,249.01,1
34.8,1.16,33.78,66.37,51.81,222.02,0
38.94,8.1,17.57,26.88,88.02,238.84,1
28.43,9.34,4.72,43.76,52.67,232.98,0
37.73,1.62,21.59,53.1,35.51,237.28,0
52.78,3.76,16.7,13.11,53.39,224.27,0
70.16,6.4,44.32,19.77,58.21,220.26,0
63.73,1.62,9.51,41.27,66.05,221.45,1
35.88,2.45,44.69,97.87,85.01,243.27,1
28.78,5.28,27.77,88.59,67.07,241.46,0
28.09,8.98,25.95,12.3,81.45,236.8,0
60.43,4.91,43.73,11.03,86.36,220.03,0
47.17,3.36,18.93,5.23,84.88,238.9,0
75.89,1.35,12.34,56.47,68.48,232.33,1
28.74,9.05,21.82,85.17,56.19,222.33,1
71.79,6.34,37.46,88.43,39.46,234.47,1
75.73,7.4,9.19,5.02,33.53,239.92,1
66.64,3,6.2,24.98,83.75,239.93,1
79.26,8.94,31.95,5.62,46.32,230.26,1
65.13,6.74,4.97,88.77,40.36,233.69,0
59.97,6.07,18.59,24.26,50.59,226.29,1
74.03,1.07,7.96,19.78,65.37,223.93,0
76.34,1.87,44.31,9.2,33.58,224.26,0
62.8,9.46,25.94,1.48,88.25,225,0
79.15,9.87,5.8,72.64,75.2,231.37,0
29.63,2.4,4.31,6.93,42.55,236.51,1
49.81,4.89,7.56,30.77,55.24,246.43,1
42.57,2.05,16.89,27.68,71.66,243.94,0
50.25,1.39,44.89,62.96,51.78,237.51,1
67.08,6.79,20.31,9.95,70.47,220.47,1
26.95,9.26,2.68,31.31,82.46,246.47,1
39.28,2.78,20.68,23.45,54.53,235.91,1
29.65,2.58,48.7,71.42,65.57,225.73,0
42.93,8.72,33.92,37.25,67.87,227.99,0
65.69,2.55,19.31,9.75,40.68,231.08,0
53.4,9.11,48,6.16,30.97,232.7,1
28.63,4.24,43.98,17.29,35.87,238.91,0
32.58,1.64,14.13,26.73,39.63,228.97,1
38.87,1.63,45.16,99.63,32.56,228.83,0
50.6,7.13,27.32,36.18,56.53,227.92,1
33.92,8.34,4.86,31.84,80.12,232.72,0
48.03,4.05,34.99,11.22,69.69,235.33,1
41.33,7.85,27.06,71.57,48.87,247.29,1
63.96,9.24,4.92,21.69,60.62,236.4,1
67.76,2.47,3.65,89.57,37.37,247.25,0
39.22,6.93,18.36,54.23,56.99,240.34,1
65.78,4.54,24.53,9.95,53.08,249.47,1
49.94,7.73,26.75,65.44,63.64,246.58,1
43.93,9.45,33.91,65.55,44.29,230.52,1
30.38,9.17,40.32,74.07,31.67,235.4,0
30.33,2.55,20.52,86.25,80.7,237.18,0
50.83,3.3,36.31,81.78,57.5,236.4,0
71.6,6.61,7.58,60.35,49.13,227.87,0
24.13,8.12,16.8,13.2,86.94,225.04,0
71.7,1.13,15.39,3.14,40.45,228.24,0
36.89,5.11,46.94,83.41,40.39,245.63,0
73.96,3.57,15.87,83.22,60.72,227.62,1
64.79,5.91,44.53,69.79,70.97,237.96,0
41.43,9.66,45.05,76.48,65.23,245.27,1
63.06,4.27,30.59,43.95,78.6,247.48,0
29.96,1.44,47.15,21.28,72.27,231.55,1
51.22,2.83,16.53,6.92,48.52,224.45,0
42.31,8.43,48.12,12.78,67.6,221.33,1
65.09,1.2,5.1,39.78,52.45,235.62,1
69.84,2.15,38.73,8.4,69.06,235.08,0
33.08,1.36,47.97,52.9,47.23,223.97,1
28.62,4.36,25.39,52.09,50.52,239.67,1
43.63,3.11,22.27,49.28,63.31,241.29,0
22.11,3.33,39.34,53.84,83.66,236.09,0
41.4,6.33,32.05,57.49,66.57,245.21,0
77.64,2.31,5.49,71.46,54,248.15,0
35.63,7.37,6.14,96.07,85.68,223.75,1
43.73,4.96,28.84,33.37,44.99,243.7,0
70.94,2.8,43.01,76.3,43.24,238.69,1
22.47,4.38,44.45,57.6,54.68,233.08,0
72.61,9.98,43.84,68.08,30.29,241.23,0
45.28,1.21,35.35,92.62,86.37,244.05,1
48.07,8.95,0.22,4.07,45.18,246.17,1
20.84,1.7,12.96,43.78,35.99,236.25,0
51.43,9.06,6.06,80.13,86.3,230.11,0
73.86,6.57,43.03,55.61,74.3,232.45,0
79.48,3.54,45.68,27.72,49.76,246.85,0
66.77,7.49,34.05,38.58,30.75,246.95,0
22.97,3.29,8.29,90.69,32.5,237.19,0
23.91,4.32,44.03,51.61,78.29,223.14,0
30.77,2.08,47.88,46.18,85.84,231.33,0
35.76,3.19,48.98,87.03,77.19,231.09,1
25.72,1.59,45.33,37.44,57.57,224.72,0
79.84,4.16,29.63,50.13,64.16,239.63,1
59.48,5.63,35.13,36.19,41.17,222.85,1
54.11,6.57,37.88,61.28,88.21,225.33,1
33.74,7.24,3.79,49.6,84.43,239.49,1
30.01,2.09,24.28,64.19,78.92,231.51,0
71.08,2.87,46.53,90.97,43.93,240.51,0
37.72,6.61,37.96,25.5,72.99,228.16,0
54.93,2.56,25.19,52.62,50.54,247.66,0
56.08,2.74,12.02,94.99,48.57,241.52,0
44.14,6.01,16.31,76.25,62.47,229.09,1
48.54,5.7,33.77,46.52,51.24,244.04,1
42.7,4.37,35.83,71.17,57.86,226.72,0
71.73,1.13,29.7,27.83,66.73,232.63,1
33.18,7.72,9.81,4.87,34.92,227.36,1
35.2,5.86,5.55,78.85,89.55,245.79,1
75.93,3.17,21.17,76.18,86.48,230.3,1
69.68,7.58,39.84,33.62,57.06,247.39,0
67.96,1.39,5.85,1.53,42.72,236.32,1
49.06,2.38,30.57,67.12,34.86,243.82,1
24.42,7.8,36.82,43.89,48.18,248,0
30.59,9.45,16.55,39.45,59.81,221.54,0
51.87,7.5,49.34,40.45,34.93,247.09,0
30.87,8.3,18.71,5.22,52.88,228.09,0
69.13,4.86,37.86,70.06,33.77,242.38,1
68.67,8.74,23.43,89.08,75.62,240.89,0
48.17,3.45,29.21,78.52,63.53,235.49,0
74.7,3.31,9.61,53,83.36,227.52,0
59.41,5.72,33.22,65.32,77.24,233.07,0
62.95,2.72,43.32,74.44,62.42,242.8,0
63.4,7.12,29.22,35.15,45.88,225.42,0
25.86,8.99,37.79,71.18,32.22,247.92,1
22.37,1.96,36.18,85.04,53.82,244.16,1
43.55,1.49,32.27,58.76,82.63,249.02,0
35.38,3.62,9.52,65.68,61.3,241.8,0
33.63,1.81,1.62,56.73,88.31,223.16,1
74.51,2.87,7.91,11.96,85.92,221.44,0
46.2,9.91,39.55,63.24,35.21,247.62,1
37.64,2.35,5.94,13.29,34.21,233.76,0
49.38,6.4,2.18,61.07,77.63,239.23,1
45.71,5.57,4.88,40.51,83.59,234.39,0
21.25,7.63,7.44,57.91,60.17,238.81,1
69.31,5.99,31.29,25.09,78.58,222.79,1
38.34,8.18,20.48,35.63,44.6,241,0
46.32,6.49,36.13,62.47,88.57,240.45,1
33.87,3.3,3.4,70.77,34.23,239.61,1
70.49,5.78,31.01,53.29,64.34,240.57,0
55.77,7.43,31.61,20.96,49,246.91,1
20.99,5.04,1.7,70.75,31.1,221.03,1
54.81,1.59,6.53,52.47,58.3,223.57,1
45.79,5.75,17.32,56.16,78.09,220.15,1
28.12,9.46,25.62,45.12,87.23,234.56,0
37.75,1.61,7.99,31.5,74.27,235.74,1
49.27,8.66,15.57,83.17,74.19,246.48,0
59.62,4.67,5.94,35.49,76.71,246.86,1
40.15,1.46,47.64,61.16,36.72,230.22,0
42.3,2.83,39.54,49.06,74.54,225.53,1
63.54,3.96,28.64,88.72,60.44,225.38,1
63.98,8.74,24.57,37.11,31.13,248.8,0
25.31,9.8,47.19,32.85,53.22,223.15,0
58.69,4.26,1.68,15.91,49.48,241,0
59.59,1.1,2.9,60.2,51.37,226.9,0
27.32,1.7,13.46,89.97,88.25,224.08,0
41.06,1.11,29.74,18.96,89.62,220.25,0
37.34,9.19,2.71,20.75,37.69,231.12,0
40,5.86,10.13,67.74,59.88,240.75,0
51.28,9.59,43.89,42.74,88.33,223.93,1
30.07,9.14,1.14,4.07,73.04,222.29,0
31.68,9.44,3.52,68.31,31.08,245.91,1
68.32,6.54,1.63,59.03,86.38,247.3,1
41.13,7.15,8.28,95.36,30.93,222.86,0
56.48,6.45,1.45,0.49,88.18,231.26,1
51.14,4.23,33.92,33.31,70.05,236.64,1
49.98,7.81,49.32,33.45,71.51,227.16,0
29.62,3.71,22.19,10.11,34.61,240.27,1
42.88,7.56,22.8,19.57,31.63,229.58,0
61.73,5.64,28.78,25.3,78.77,226.03,0
41.69,8.69,2.17,26.38,32.65,227.36,1
38.11,3.12,33.98,15.7,77.13,230.83,1
55.32,1.22,26.46,27,79.47,232.66,0
37.22,5.25,11.45,56.84,88.71,222.13,1
43.13,2.93,38.57,38.38,58.86,225.16,1
29.04,8.21,16.91,29.37,59.16,241.61,1
69.79,8.17,25.58,49.13,81.93,243.11,1
70.72,8.17,46.41,6.99,56.23,231.9,1
56.12,7.34,35.37,74.84,50.36,220.98,0
35.07,7.11,44.42,22.23,76.97,235.97,1
71.58,6.96,43.61,88.72,65.55,236.41,1
74,7.91,5.32,78.73,79.42,232.33,1
59.59,9.77,8.06,17.18,58.37,235.37,0
78.94,1.77,12.02,9.26,87.82,236.99,1
63.65,6,9.42,70.1,63.34,236.62,1
65.36,10,14.92,56.99,89.17,239.62,1
36.5,1.72,36.29,67.34,36.36,223.7,0
70.28,8.63,1.73,49.59,56.33,237.19,0
32.6,8.13,28.65,70.35,39.1,245.75,1
30.27,5.45,22.86,96.16,41.47,221.78,0
60.31,4.27,47.61,84.97,70.09,221.83,0
33.57,1.14,26.46,13.4,69.83,243.59,0
55.61,4.46,14.93,61.71,43.46,240.33,0
40.61,6.41,7.56,60.77,44.56,232.88,0
24.95,1.77,13.38,32.88,33.97,244.94,1
30.23,5.38,35.26,66.63,88.91,244.52,1
64.31,8.89,18.39,67.56,58.8,246.57,0
22.29,2.27,14.21,28.75,53.69,240.08,0
25.3,4.75,21.81,77.96,84.28,246.4,0
30.22,4.24,6.95,53.75,72.6,234.15,1
77.45,3.14,43.98,94.41,60.79,243.45,1
42.56,4.06,35.22,27.46,77.84,238.94,1
71.66,7.5,25.27,59.09,65.23,236.35,0
38.29,4.21,8.89,4.62,74.8,248.54,0
46.9,8.38,5.87,46.06,82.21,237.53,0
54.02,8.06,42.4,30.25,57.94,248,0
51.68,6.38,30.74,73.94,42.83,244.01,1
62.69,5.08,27.34,16.43,37.14,245.41,1
44.53,3.73,9.1,11.48,38.28,235.87,0
43.67,2.19,6.05,28.67,44.65,235.58,1
52.2,7.5,25.2,58.28,31.8,223.48,1
69.71,9.93,34.4,35.51,78.95,227.06,0
47.95,1.37,47.39,36.99,60.42,239.58,1
69.73,3.58,18.11,73.58,64.43,229.4,0
57.4,4.91,24.13,5.31,44.54,239.11,0
25.61,4.12,43.02,80.68,68.98,230.82,0
72.3,1.1,11.92,17.19,83.44,233.17,0
42.18,8.92,28.28,58.08,77.58,233.16,1
44.82,7.41,49.99,18.12,49.8,237.13,0
21.43,3.12,43.4,50.33,36.51,247.36,0
41.08,4.99,22.81,18.53,68.85,244.44,0
20.25,7.96,16.4,87.47,57.26,247.44,0
46.78,3.8,12.88,45.12,51.59,247.96,1
61.22,8.95,7.42,34.66,32.43,243.64,1
21.81,3.9,11.68,61.83,79.05,224.3,1
48.34,4.8,28.39,70.5,54.67,221.23,0
58.76,7.74,40.2,9.58,35.51,245.97,0
47.49,9.84,42.86,94.15,62.08,249.06,1
65.3,6.16,19.1,31.59,63.66,249.59,1
21.52,6.36,37.44,55.93,46.61,232.55,1
71.79,9.96,11.76,51.96,71.77,238.79,0
54.28,2.27,4.84,54.53,41.38,229.89,0
43.63,2.08,23.23,24.01,79.45,237.08,1
47.12,4.69,11.19,49.34,60.88,239.24,1
21.04,8.98,16.9,84.47,73.32,224.17,0
58,6.11,0.52,51.89,66.16,225.32,0
47.58,3.12,27.24,48.63,76.93,242.07,1
68.88,6.91,49.8,92.06,80.98,239.96,1
76.95,2.29,10.42,62.6,59.75,233.43,1
33.42,4.52,32.8,23.04,57.32,227.98,1
51.2,6.52,17.5,32.91,49.63,222.09,1
62.25,8.41,30.83,93.58,35.39,226.89,1
67.01,9.98,0.15,95.14,75.1,238.23,1
23.2,2.88,14.96,89.58,34.06,232.23,1
71.4,3.72,11.29,92.36,35.43,249.94,0
78.26,7.86,25.4,13.82,52.52,237.53,0
35.46,4.59,46.64,70.9,88.09,232.28,0
78.1,7.11,10.27,80.62,64.9,246.8,0
43.14,1.25,48.56,56.68,51.5,220.87,0
36.76,7.27,1.65,40.75,71.43,240.17,0
71.04,4.85,14.56,57.88,32.83,223.81,1
56.4,3.84,8.69,83.95,31.93,234.71,1
79.58,6.82,44.27,9.28,66.43,249.44,1
24.95,5.46,30.59,27.72,68.93,242.59,1
49,9.85,5.36,0.87,61.27,239.35,0
59.5,7.71,12.12,10.65,79.12,227.62,1
31.21,3.84,45.34,32.88,51.63,243.84,1
45.89,1.32,2.98,15.79,66.25,226.26,1
65.35,8.22,29.4,61.14,80.64,225.42,1
52.58,6.49,36.54,37.51,81.45,242.22,0
79.32,2.65,9.14,25.17,50.17,220.75,0
20.23,1.14,35.4,44.31,39.16,229.24,1
38.72,8.4,24.69,40.36,35.05,234.64,0
53.67,5.74,19.63,10.07,49.44,224.97,1
78.92,7.86,25.37,82.54,40.4,234.69,1
60.63,9.92,5.38,49.47,46.49,231.26,1
56.83,3.74,33.03,76.15,86.39,239.68,0
56.72,7.7,17.36,7.84,72.51,233.03,0
30.75,9.18,15.34,63.83,88.99,230.06,0
65.15,3.85,9.54,59.56,69.88,241.81,1
67.61,8.88,38.19,87.94,44.56,235,1
72.29,1.98,20.14,40.01,81.27,228.92,1
20.49,3.03,8.15,6.72,43.61,247.91,0
78.84,4.5,45.53,32.42,36.16,233.47,0
30.94,7.79,35.26,13.75,39.33,240.96,1
79.7,3.49,9.39,87.14,70.25,233.35,0
77.56,9.27,31.42,58.84,34.5,246.32,0
34.88,6.52,46.05,48.08,34.98,220.66,1
57.2,7.75,37.89,86.22,43.8,246.03,0
21.51,7.57,45.12,52.8,58.82,233.61,1
23.69,6.78,8.13,18.9,78.27,225.42,1
64.82,3.97,8.43,98.82,82.17,236.98,1
28.49,6.48,5.9,34.84,35.08,241.31,0
30.22,3.12,19.75,55.75,49.78,240.23,1
67.66,6.03,15.42,64.7,86.37,231.98,0
56.92,9.99,15.67,27.72,81.1,236.35,1
27.3,5.69,13.98,13.08,85.04,245.93,0
61.39,7.15,2.73,10.35,59.96,228.81,0
30.08,8.12,43.47,74.6,80.59,240.8,1
79.08,5.04,0.14,33.1,60.87,228.71,0
53.23,8.71,19.87,79.24,32.42,231.96,0
48.83,3.15,25.37,27.31,42.56,220.72,1
38.35,5.37,17.66,56.74,62.48,225.07,0
45.15,8.72,0.59,85.09,32.07,221.33,1
41.91,9.86,19.38,33.72,72.63,241.59,0
20.17,3.25,43.63,56.88,62.07,246.71,0
67.36,3.56,21.33,45.93,66.74,231.26,1
49.82,8.1,1.67,73.71,33.69,234.57,0
55,4.02,9.92,60.23,86.28,243.77,1
70.78,1.04,10.63,27.49,63.16,224.71,0
56.54,4.61,4.08,75.42,79.95,242.78,1
31.92,9.35,0.04,98.35,78.35,227.27,1
20.17,3.8,3.59,42.25,44.75,225.42,0
74.1,5.08,34.94,13.22,87.66,226.5,1
30.81,6.49,38.37,19.03,47.41,227.44,1
30.51,3.76,19.78,42.79,31.53,232.02,1
69.26,3.19,48.79,27.13,42.9,221.08,0
22.76,6.56,28.32,1.04,52.93,242.32,0
45.46,7.17,1.88,66.92,64.78,234.81,0
50.65,8.88,3.7,41.38,43.75,227.46,0
60.01,2.45,36.97,38.17,83.12,246.81,1
34.37,7.79,20.61,65.27,51.35,234.44,0
68.87,5.99,27.09,45.95,59.94,238.18,0
35.47,7.58,0.77,96.82,34.71,228.78,1
54.52,9.66,44.87,72.27,31.3,243.96,0
46.81,9.5,30.4,59.23,86.28,231.63,0
51.29,6.49,42.21,54.77,50.9,245.39,1
20.58,2.36,29.33,71.19,34.12,245.31,0
74.51,7.59,30.02,24.33,64.11,238.78,0
46.36,2.63,42.03,66.03,64.62,225.15,0
74.87,5.42,26.2,46.53,47.67,248.69,0
71.24,7.27,0.09,7.94,58.57,245.36,0
28.54,9.46,21.66,53.32,70.15,249.35,0
28.16,5.45,0.15,70.78,60.81,221.08,1
43.25,8.39,26.9,58.49,70.17,225.03,1
31.75,6.55,33.72,21.71,54.7,230.47,1
65.93,8.88,37.85,31.81,49.84,222.08,1
35.09,4.86,35.77,68.21,48.91,234.18,1
44.32,6.31,24.6,77.31,39.64,232.09,0
33.47,5.31,19.93,36.27,76.82,244.55,0
39.28,5.84,42.51,84.08,72.61,229.25,0
20.27,1.43,18.24,61.94,80.11,242.47,0
69.34,3.96,0.36,35.29,63.33,242.3,0
49.51,9.68,37.37,21.15,30.99,236.59,0
30.38,1.4,46.44,36.02,61.14,249.9,0
31.15,9.91,26.64,70.63,61.95,249.77,0
32.33,5.59,12.88,98.87,38.21,241.49,0
59.61,8.07,39.59,43.42,71.63,248.8,0
46.01,2.78,39.93,55.03,50.69,226.79,0
59.71,8.25,36.69,81.98,89.08,236.09,1
39.53,4.75,44.63,19.02,43.36,246.08,1
29.27,5.59,31.43,85.17,83.38,238.59,1
28.16,9.01,28.68,50.06,35.65,235.25,0
62.02,1.65,5.06,96.14,76.76,225.84,1
23.48,9.28,3.34,74.17,75.38,237.96,0
44.25,2.57,45.71,90.63,48.5,238.13,0
37.39,2.93,4.6,27.56,37.36,225.31,1
56.68,3.96,43.86,80.06,38.43,248.73,0
45.21,7.69,31.2,93.64,88.26,239.52,0
67.61,8.84,37.12,16.21,89.34,222.83,0
79.28,8.03,42.62,29.21,64.52,242.02,0
61.01,8.72,0.52,88.86,80.27,224.33,1
28.75,3.49,46.83,23.34,68.09,234.02,0
68.25,6.75,44.47,35.1,61.19,224.95,0
53.99,8.72,4.86,60.04,81.8,231.11,0
46.69,9.87,41.14,51.15,36.4,245.35,0
68.45,2.78,16.45,91.81,34.16,240.87,1
39.94,5.88,32.32,86.03,88.29,220.78,0
47.67,4.53,42.74,62.17,88.86,233.32,1
30.02,8.01,34.12,73.13,61,235.67,1
62.25,9.98,5.9,99.63,59.92,229.54,0
39.95,1.74,21.47,68.6,77.1,228.87,0
20.33,5.79,6.75,96.61,52.95,228.29,1
42.81,6.23,4.07,11.73,88.22,224.63,1
73.43,9.06,17.24,38.05,83.02,241.02,0
35.95,5.58,8.9,77.78,30.44,238.45,1
55.73,8.22,38.15,26.28,57.33,224.36,0
68.03,3.15,9.47,31.2,89.67,224.52,0
38.7,2.13,40.71,1.15,70.46,229.53,1
29.32,7.43,2.21,53.15,33.12,226.09,1
42.04,1.32,13.56,18.92,37.42,231.11,1
22.89,2.62,30.21,71.96,43.42,246.98,0
28.68,1.83,21.03,68.24,87.94,235.29,0
20.28,7.07,2.88,83.91,71.61,241.93,1
45.98,6.07,49.51,0.57,59.84,238.89,1
31.67,6.49,31.94,48.86,36.4,220.03,1
67.53,9.73,24.67,20.66,62.92,242.99,1
50.92,6.31,15.62,30.79,86.42,247.08,0
24.27,8.52,15.65,12.64,51.54,222.95,0
77.55,4.71,49.04,71.81,61.13,248.78,0
24.3,6.32,48.27,42.9,49.47,236.51,1
67.57,2.92,6.79,8.84,41.13,231.48,1
50.54,1.87,48.12,7.45,36.62,229.59,1
45.68,3.77,36.17,90.58,57.34,244.59,0
20.55,6.42,47.12,24.95,69.49,245.95,0
79.52,4.38,1.98,51.18,38.06,226.24,1
55.23,2.27,30.46,63.25,45.65,232.85,0
46.37,2.56,9.06,61.15,71.33,245.45,1
35.58,7.12,32.76,85.18,83.36,221.35,1
26.09,7.46,4.96,3.98,67.04,248.22,1
24.54,1.6,21.22,11.08,82.77,244.83,0
57.31,3,19.17,57.43,47.95,242.32,1
69.23,8.87,26.2,17.73,56.29,247.86,1
56.75,1.13,6.98,42.1,75.16,233.21,1
23.68,4.77,5.8,47.35,74.8,232.24,1
70.24,4.6,6.64,30.31,64.48,221.73,1
64.7,7.98,44.66,9.97,81.87,236.64,0
64,6.76,19.89,77.2,59.1,236.94,0
61.8,6.3,1.13,2.79,48.68,235.86,1
28.86,7.23,31.84,94.58,89.1,241.05,1
44.83,6.2,41.18,1.71,54.14,228.81,1
44.93,3.93,45.38,64.67,58.9,235.91,1
43.29,5,38.55,4.59,64.7,227.1,1
69.39,3.04,30.77,92.93,52.63,242.25,0
79.85,8.4,17.59,94.67,81.79,235.95,0
75.37,4.59,4.38,28.05,35.37,224.31,0
31.34,9.61,37.67,84.83,57.06,244.12,0
33.44,4.71,16.51,13.65,42.23,241.82,0
67.98,2.8,39.04,92.79,50.92,235.64,1
68.03,4.8,27.26,7.58,45.64,222.01,0
21.19,4.18,35.93,65.62,42.7,237.99,1
61.53,9.84,17.59,19.36,84.01,244.09,1
29.37,4.82,36.49,80.92,60.15,229.89,0
33.87,8.03,48.13,76.61,40.03,231.14,1
48.43,7.42,48.16,61.98,57.62,243.12,0
68.95,6.69,11.57,60.91,85.94,234.35,0
23.91,2.58,49.03,83.39,65.9,243.45,0
46.16,2.06,16.81,17.93,84.26,239.83,0
33.66,9.73,14.93,45.04,46.04,243.44,1
69.45,6.21,21.29,22.46,38.4,234.17,0
58.78,9.98,4.33,48.49,73.83,240.16,1
39.62,2.82,33.48,7.36,36.56,247.22,1
48.55,8.01,11.56,7.39,66.16,245.28,1
55.24,1.89,42.04,85.26,61.13,228.81,1
45.37,3.18,29.87,31.44,59.31,241.41,1
67.62,6.35,40.69,22.04,35.26,234.97,0
32.89,9.32,21.16,81.69,70.63,247.78,0
49.16,7.27,34.28,67.02,72.23,249.41,1
58.33,3.1,6.78,59.14,76.38,229.96,0
47.84,1.31,15.65,5.67,43.63,237.26,0
62.42,7.66,2.21,89.29,59.02,226.15,0
48.44,7.21,1.98,2.43,40.11,227.19,1
64.74,3.98,3.47,89.03,68.46,247.82,0
59.25,2.18,17.87,67.74,69.25,246.94,0
49.99,1.65,12.32,0.93,76.55,238.1,0
29.29,6.47,9.85,4.27,57.6,249.25,0
39.75,6.55,0.03,48.03,76.99,233.54,0
45.62,3.25,9.35,12.58,61.44,249.15,0
58.56,5.59,12.21,59.01,82.05,241.2,1
32.26,5.11,49.94,30.01,50.24,230.9,0
76.19,1.32,48.4,79.68,54.49,230.02,1
54.35,1.72,42.06,34.49,36.33,247.53,1
40.42,4,41.61,79.27,47.61,240.45,0
70.03,7.29,12.96,98.95,46.24,243.29,1
75.4,3.35,16.44,90.04,61.42,223.57,1
67.54,6.6,21.22,26.18,69.23,230.01,0
23.02,5.76,15.49,39.78,61.92,230.51,0
55.4,6.22,12.17,38.97,72.77,240.61,0
29.18,4.64,24.42,47.51,40.25,239.01,0
74.7,5.89,33.14,42.15,57.7,224.72,1
33.05,2.61,47.9,57.84,30.65,249.15,0
48.58,8.75,39.91,13.42,62.24,222.62,0
60.14,2.54,25.88,65.39,30.56,230.78,0
71.29,8.21,7.24,0.03,87.94,232.14,1
70.57,7.54,48.42,16.07,38.88,233.04,1
25.85,7.62,25.43,84.28,69.7,229.2,0
57.31,5.34,40.33,85.43,43.39,236.1,0
31.07,2.17,16.57,54.53,78.05,235.3,0
43.55,5.49,5.58,13.53,41.91,220.58,1
57.54,1.36,13.58,78.12,32.25,240.85,1
51.71,7.67,46.59,3.88,31.58,242.15,1
75.55,9.75,34.19,60.44,61.72,244.69,0
35.49,6.96,46.88,54.44,58.66,249.02,1
25.9,3.33,15.84,23.27,57.23,236.88,1
40.81,3.59,9.26,69.32,38.1,224.02,0
68.19,9.19,6.61,32.84,88.63,239.57,1
40.63,2.1,49.41,50.31,62.85,243.53,1
79.39,6.97,15.07,60.33,81.79,224.92,0
61.14,8.49,36.39,17.25,81.63,243.81,0
61.44,4.38,4.63,52.58,49.1,244.98,0
61.76,4.23,14.55,64.43,72.62,243.52,1
55.59,3.02,17.27,9.99,70.08,242.76,1
57.95,7.44,49.24,88.1,69.31,240.03,0
63.41,3.1,9.41,79.6,50.65,231.92,1
29.29,1.52,24.15,40.96,68.56,231.02,0
76.96,4.2,35.86,72.72,88.57,232.24,0
68.57,9.96,36.06,27.06,48.42,243.5,1
36.95,5.52,12.11,28.49,36.04,228.37,0
41.87,3.66,45.45,18.84,60.88,227.29,1
51.58,5.59,44.36,53.28,75.4,247.35,1
67.78,6.47,49.88,28.37,75.18,244.65,0
60.2,3.54,1,2.07,73.73,241.45,1
53.8,6.23,24.11,59.55,40.99,246.07,0
22.1,9.49,48.14,90.04,58.02,236.92,1
59.99,5.89,13.63,24.9,33.39,226.53,0
67.85,1.25,45.84,84.42,74.06,238.87,1
69.34,6,32.58,85.75,61.08,243.29,0
64.6,1.96,47,16.79,74.05,223.79,1
69.65,8.06,45.21,90.13,62.42,232.15,1
34.46,3.92,12.58,74.29,87.13,248.17,1
38.69,2.72,31.07,64.83,61.77,226.35,0
42.15,6.27,14.3,18.18,68.59,235.05,1
46.43,5.18,13.2,6.27,48.31,221.27,1
68.5,3.17,41.59,25.01,48.43,231.23,0
57.57,3.7,12.7,49.03,62.99,233.94,1
43.14,3.52,37.71,80.19,40.63,244.67,0
28.96,2.8,27.22,79.59,87.86,240.42,0
42.44,3.31,2.38,45.52,54.06,228,0
41.12,1.06,21.51,13.19,88.8,227.75,0
20.95,8.44,34.51,12.8,41.31,242.16,1
56.1,3.67,10.56,65.04,80.2,228.75,1
33.31,4.62,43.32,91.21,61.96,222.42,0
55.95,4.37,19.5,46.6,77.45,224.93,1
64.5,1.43,14.45,49.72,52.17,245.45,1
61.63,3.86,33.83,88.31,41.94,245.48,0
57.05,5.79,3.97,23.95,46.64,229.14,1
58.42,7.21,45.56,55.82,52.95,236.18,0
67.69,7.39,14.96,84.13,58.72,242.84,0
21.52,1.02,28.19,2.14,68.01,233.14,1
42.25,1.65,40.78,1.34,38.63,246.78,0
73.96,6.69,0.22,9.58,59.65,229.29,1
56.35,2.08,41.91,15.16,86.01,229.23,1
45.67,1.54,13.72,62.31,58.89,220.99,1
73.04,8.66,11.68,12.35,71.83,240.94,0
76.12,1.69,14.56,13.01,67.77,228.95,1
52.63,6.8,30.19,42.92,39.9,222.68,1
49.33,7.62,48.34,10.87,30.98,239.88,1
20.1,9.47,29.16,74.82,63.69,233.75,1
67.37,1.33,34.4,95.27,41.29,229.25,0
71.13,7.99,17.61,45.29,47.09,234.18,1
66.81,8.83,43.2,53.35,69.8,237.63,1
74.11,4.11,25.75,88.73,78.98,245.5,0
60.72,9.29,14.17,92.1,37.4,235.31,1
30.78,2.46,43.71,13.53,44.83,231.8,0
70.85,3,4.41,22.81,42.6,228.51,0
73.06,5.27,8.84,55.76,79.53,237.1,1
22.39,1.75,48.58,36.25,53.82,225.55,0
79.21,9.17,28.04,18.95,43.9,229.87,0
29.15,8.83,22,25.18,78.5,238.12,0
53.94,7.61,33.42,67.39,41.87,238.99,1
